{"status_code": 200, "text": "{\n    \"status_code\": 200,\n    \"text\": \"[{\\\"input\\\":\\\"WURCS\\\\u003d2.0/3,5,4/[a2122h-1b_1-5_2*NCC/3\\\\u003dO][a1122h-1b_1-5][a1122h-1a_1-5]/1-1-2-3-3/a4-b1_b4-c1_c3-d1_c6-e1\\\",\\\"mass\\\":910.32778000}]\",\n    \"json\": [\n        {\n            \"input\": \"WURCS=2.0/3,5,4/[a2122h-1b_1-5_2*NCC/3=O][a1122h-1b_1-5][a1122h-1a_1-5]/1-1-2-3-3/a4-b1_b4-c1_c3-d1_c6-e1\",\n            \"mass\": 910.32778\n        }\n    ],\n    \"content\": \"[{\\\"input\\\":\\\"WURCS\\\\u003d2.0/3,5,4/[a2122h-1b_1-5_2*NCC/3\\\\u003dO][a1122h-1b_1-5][a1122h-1a_1-5]/1-1-2-3-3/a4-b1_b4-c1_c3-d1_c6-e1\\\",\\\"mass\\\":910.32778000}]\"\n}\n", "json": {"status_code": 200, "text": "[{\"input\":\"WURCS\\u003d2.0/3,5,4/[a2122h-1b_1-5_2*NCC/3\\u003dO][a1122h-1b_1-5][a1122h-1a_1-5]/1-1-2-3-3/a4-b1_b4-c1_c3-d1_c6-e1\",\"mass\":910.32778000}]", "json": [{"input": "WURCS=2.0/3,5,4/[a2122h-1b_1-5_2*NCC/3=O][a1122h-1b_1-5][a1122h-1a_1-5]/1-1-2-3-3/a4-b1_b4-c1_c3-d1_c6-e1", "mass": 910.32778}], "content": "[{\"input\":\"WURCS\\u003d2.0/3,5,4/[a2122h-1b_1-5_2*NCC/3\\u003dO][a1122h-1b_1-5][a1122h-1a_1-5]/1-1-2-3-3/a4-b1_b4-c1_c3-d1_c6-e1\",\"mass\":910.32778000}]"}, "content": "{\n    \"status_code\": 200,\n    \"text\": \"[{\\\"input\\\":\\\"WURCS\\\\u003d2.0/3,5,4/[a2122h-1b_1-5_2*NCC/3\\\\u003dO][a1122h-1b_1-5][a1122h-1a_1-5]/1-1-2-3-3/a4-b1_b4-c1_c3-d1_c6-e1\\\",\\\"mass\\\":910.32778000}]\",\n    \"json\": [\n        {\n            \"input\": \"WURCS=2.0/3,5,4/[a2122h-1b_1-5_2*NCC/3=O][a1122h-1b_1-5][a1122h-1a_1-5]/1-1-2-3-3/a4-b1_b4-c1_c3-d1_c6-e1\",\n            \"mass\": 910.32778\n        }\n    ],\n    \"content\": \"[{\\\"input\\\":\\\"WURCS\\\\u003d2.0/3,5,4/[a2122h-1b_1-5_2*NCC/3\\\\u003dO][a1122h-1b_1-5][a1122h-1a_1-5]/1-1-2-3-3/a4-b1_b4-c1_c3-d1_c6-e1\\\",\\\"mass\\\":910.32778000}]\"\n}\n"}